User,Weight,Height,bmi
Kim,72,175,23.510204081632654
Shin,77,182,23.24598478444632
Kwon,65,160,25.390624999999996
Yoon,79,168,27.99036281179139
